Tausug,Part of Speech,English Translation
batu,Noun,stone
kura',Noun,horse
bay-bay,Noun,small house
datung,Verb,to arrive
bunu',Verb,to kill
sapi',Noun,cow
tau,Noun,person
bagay,Noun,friend
bay,Noun,house
dayahan,Adjective,rich
ista',Noun,fish
sibuyas,Noun,onions
dakula',Adjective,large
bakas,Adverb,previously
kaina,Adverb,a while ago
kunu,Adverb,quote
baha',Adverb,pray tell
kalu-kalu,Adverb,perhaps
tuwi,Adverb,oops
di',Adverb,not
ka,Adverb,question marker
na,Adverb,already
pa,Adverb,still
da,Adverb,only
subay,Adverb,should
asibi',Adjective,small
pula,Adjective,red
baliskat,Adjective,inverted
marayaw,Adjective,good
ma-taud,Adjective,many
ma-bahu,Adjective,odorous
ma-bagunbun,Adjective,dusty
duhal,Verb,to hand over
kaun,Verb,to eat
langug,Verb,to tease
patay,Verb,to kill
sanda',Verb,to pawn
tahi',Verb,to sew
tangis,Verb,to cry
kustaw,Verb,to embezzle
kahuy,Noun,firewood
kugut,Verb,to extort
kula,Verb,to bleach
sibit,Verb,to clutch
panaw,Verb,to walk
huka',Verb,to crack open
pikit,Verb,to stick
buuk,Verb,to turn
bingkuk,Adjective,crooked
kutkut,Verb,to bite
timba',Verb,to shoot
puygu,Verb,to bathe
utud,Verb,to cut
tunaw,Verb,to dissolve
hinang,Verb,to make
languy,Verb,to swim
kami,Pronoun,we
akuh,Pronoun,I
kamu,Pronoun,you all
i-kaw,Pronoun,you
siah,Pronoun,he
manik,Noun,bead
bakul,Noun,basket
kutkut,Noun,bite
gaya',Noun,weapon
lutup,Noun,blister
suntuk,Noun,punch
bukug,Noun,bone
pi'gan,Noun,bowl
gu-gutgut,Noun,bow
talam,Noun,tray
taytay-an,Noun,bridge
alum,Noun,bruise
pu'lu',Noun,bullet
bastun,Noun,cane
kutu',Noun,cat
pag-timba',Noun,ceremony
sibit,Noun,claw
kaban,Noun,coffin
lampasu,Noun,mop
putu,Noun,cassava cake
tupu-an,Noun,container
dugu,Noun,corner
ba'kay,Noun,corpse
tiru',Noun,head covering
puti mata,Noun,coward
kulu',Noun,curl
baka-baka,Noun,basket
sukut	a demand for payment; demand from the spirits for an offering [fd5007a7f4c3630323adaa22b49d0ca6]	show set
luba?	"a depression, pit, hole or deep furrow in the ground; ditch, trench [fbbedc7d3fa558e6c7a7e01fb50c8029]"	show set
iru?	a dog [f0d398ff13cbbd2daee733db937a9285]	show set
tamp�pi?	a (double telescoping) basket made of coconut leaves [a8e555d780775746c325dab609e9eb9a]	show set
tasa	"a drinking cup (with a handle, made of metal) [38eed21abd8b8eafedc0f8a6c2b7b347]"	show set
t??	a drop (of liquid); a dripping or leak (from a faucet or a wound) [6a455da0d916acc9febfe26ca598c63f]	show set
ka-s?-an	a fine for touching an unmarried girl [5b215d4cad558a5f482f61355289bd19]	show set
luti?	"a flash of lightning and the accompanying thunder, thunderbolt [86bacfb99b46c8d61358df6d5775a2d9]"	show set
suli?	"a flute, fife (usually made of bamboo) [0f9e6a9fec21fe813f930b3df5c1869f]"	show set
lupi?	"a folded part of something, a line or mark made by folding, crease (as of trousers) [6e956add82734c6cfae5939801c37706]"	show set
kuta?	"a fort, stone wall, fortifications [8d5a0fd97af9c3dd4c002ae31dacd086]"	show set
manta	a full-size blanket [836331d63ecf60759f91ad61cad8878b]	show set
paliyama	a good or abundant harvest [fc190e6113b899675deeb1e26368c0f0]	show set
gili?-an	a grinder [7eec948848b6ed73b9e55ce5e95058fc]	show set
tumpuk	a group (of persons or things) [205b07497b0314b01c72361b97543b89]	show set
mata-an	"a group of things having a common source or similar features, family group under one head [bbdffdb15ae77b1a1e9cc821f5162572]"	show set
kamut	a handful [685b9479c10aaf0a751ec3cb753cba4e]	show set
sipi?	a hand of bananas [d5c51a45fab54b15a167dc051332796e]	show set
sabit ~ sa?bit	a hook (anything used to snag something else) [25fdea8359302925f47e4f7501c29cdf]	show set
ti?ug	a human voice [fb55fb7915e81d4e378ec3a7e4d9e8dd]	show set
gatus	a hundred; hundreds [3c0a032040d3804ebeef6de689bb7fff]	show set
p?t	"a kind of tree whose sap is flammable, and is a medicine for certain diseases [915a88db3064f0d97b6a8d69d3359045]"	show set
iras	a kinship term referring to the relationship between Ego and the brother-in-law or sister-in-law of his/her spouse [bd52ff72a6d04b3637ebc46760003ab1]	show set
sa?kalan	a (kitchen) chopping board [2082b16954e2d3c978e29beff6582fab]	show set
pukut	"a large fishing net, seine [e5fc4175cef30ea5d024fd31065769f2]"	show set
kawa?	"a large, round-bottomed cauldron (of different shape and larger than the ) [189167cecdd97ff04c865bb85bd3821a]"	show set
duyu?	"a large, somewhat whale-like tropical mammal; mermaid [f82fbe302162eec14c20ddd47626a689]"	show set
kanuus	a large squid [a43798caa041a28842204bfe249544b9]	show set
dahun	a leaf (of plants and trees) [80520a6ae501bf89708b1fa2fd76c6b7]	show set
su?aw	a leak of air [0088c0f154f67db08f039abe3106c785]	show set
si?aw	"a leak (of air), the sound made by leaking air [00021fcaf2d2c0415ba5bc0ff9b56ec1]"	show set
sablay	"a long, loose, collarless blouse reaching below the hips with long, loose sleeves [a3195e39e6227e1919f71f528afbd20b]"	show set
kampilan	"a long, two-handed, bladed weapon (rarely seen or used in recent times) [89a16e8c1c4403c5f175909a260cc5de]"	show set
pasal	a market [89da8c645a2a641d0b08ff025ac1f765]	show set
abat	a mild illness caused by evil spirits or dead people (usually a headache with fever that is cured by simply uttering some magic verses to drive away the evil spirits) [da487ee5d471ff590f92b8f51b4e5dc3]	show set
tutub-an	"amnion, the sac in which a baby lies during pregnancy, bag of waters [830fe935da00fca41d783813ac519076]"	show set
?aw?aw	"a muttering, mumbling, grumbling; low unintelligible sound in the throat [eb03bed91729794d90e86997a7ca0790]"	show set
ugis	an albino person [66490a3dddb9294283eb6a06ce300a64]	show set
??n	a name (of something) [70ae2d1aab7f9c0af056a7b3ac7211ac]	show set
sanam	an ant [f8745e10b7930efd22c3ed1becb32fa2]	show set
ka-kahuy-an	"an area covered with trees, woody place [da02b5eb93028e75e2a40a0939585045]"	show set
dupa	an armspan (a measure of length or depth) [7118a47311d9d6e04ebb0fdb7faca5ea]	show set
sipit-sipit	an earwig [c1dc35189316e5462abf8f9ea65c452d]	show set
away	an emphatic refusal (to do something); no! (shouted by someone who is very angry) [c65546e3cdce751c8ee58c25730fba48]	show set
pugad	a nest [9d5304e2aecb500bfdbfbc9eccbc6478]	show set
pula-pula	a newborn infant [9ce600bb0c79b1c1007621266bf4b11f]	show set
sakit atay	"anger, hatred, bitterness of feeling [b24ec106c249baa641585230b7b62c1a]"	show set
su?ka?	"an indoor game usually played by two people on a wooden block shaped like a boat, and having shallow holes along the sides where shells, pebbles, or any counters are dropped by each player [edf794c9ba2785644df376f79d1b0ee9]"	show set
p?tu	"an instrument for making whistling sounds, a whistle [e3f7a0b74d6d700682cc8ca45ba72db9]"	show set
sumpit-an	"an instrument used for blowing a pointed missile with the aid of a wad of kapok or cotton, blowgun (made of bamboo or a material with the same texture as bamboo; has a sight at the end away from the mouth opening) [bc73a4a63ce59486d099efeaef2347f2]"	show set
likup	"an iron tool used for making holes in bamboo, wood, leather, and the like; gimlet, auger [0175b50b420de90dbee2d0a72edf4425]"	show set
lisa?	"a nit, the egg of the human louse [6e3633732d87abcd7d70f8d705fdb9be]"	show set
atis	"Annona squamosa, sweetsop, sugar apple [2bf189972857a75cf189ab3ad1443ca9]"	show set
ba?ka?	a one-piece dugout canoe with or without outriggers [40b40cd072a5f2b3b6b3ec206490831e]	show set
pasa?	"a pair, set (of material things) [9a2a5cd343d765fb04ae64ce0b8bcc90]"	show set
suput	a paper bag [bed752eb68bef29ba1487524ed73bfa7]	show set
sipak	"a part or half of something, a split section [c501f83c7bae54958781b706645e0e87]"	show set
bayad	a payment [03bd2ecb8456dc5ebe86ed552c85b752]	show set
sipit	"a peg, clothespin, hairpin [5c2bf494779dc7b7d4c0ef4c3e70064c]"	show set
sipat	"a physical sense, natural power or faculty (of a person); sight, hearing, taste, smell; type; manifrestaion, evidence; appearance, attribute, quality [44f8802fce2faafd8276ae79ec054556]"	show set
t?g-an	a place to sleep [cef3d9d72e132b844881ee4aa24d3683]	show set
gata?-gata?	a plamt: Spilanthes iabadicensis [331220106c272b9033d2630b61683fc5]	show set
katam	a plane (the carpenter�s tool used for smoothing wood) [00265315251c03bbd4c06ca042560ba3]	show set
tukun	a pole used to propel a small boat in shallow water [95c58018ea1df03687bc6dc07e2825be]	show set
mama?	a prepared betel nut chew [2535a06080a966f3212924e1a6598db7]	show set
kamalig	a (private) storehouse for harvested grain [00f35f7b7d7229b8df7e165584d12252]	show set
kapay	a propeller (of a boat or ship) [8ea8f96031cf04cdc102b6a1b90f9508]	show set
kasaw	"a purlin for a roof, horizontal cross-piece of a roof [4a6a89bbc9b6dfc08fd39d9f097ffc8f]"	
ka-p??-p?-an	archipelago [465bc6b6c125a0cfede189aeaa27bcef]	show set
suki?	a regular customer or purchaser [103b3a7465df6f2ccf0d0cfa5731f55c]	show set
l?su	a ribbon [f4f89ade2cf312ab1f54d94355a6e1c5]	show set
gusuk	a rib (the bone) [d9d98dad3e20eaf33b0ff198af002e49]	show set
iluk	armpit [84cbc9152c9352bf97352a8da0d9e9b3]	show set
gamut	a root (of a tree or plant) [f6b9603b4e907192bea429b955def421]	show set
lubid	a rope made of intertwisted strands of fiber (often hemp) [fe707641124f0604e37e3f71ec9af961]	show set
tabid-tabid	a rope-shaped confection made of flour or pounded cassava [4ae987421a5f6a04945b53eb982aa116]	show set
layag	a sail (the square sail used on small boats) [7f3263120f233d0250679eae24e07a9e]	show set
timba?-an	"a scale, balance (for weighing); to make (one�s love, treatment, etc. of people) equal; be equaled [77c4c3a45f64a7a41e069c4a858b95d7]"	show set
li-limas	a scoop for bailing (usually a coconut shell) [51962d9894d820bc61b06e801865bc57]	show set
tambiluk	"a sea worm that lives on trees, logs, and sides of wooden ships [c78b134ac4b9f64778deda2b8bd5b207]"	show set
ti-lawas-an	"a segment or section, including one node (of bamboo, sugarcane, etc.) [9eb036a6131f27aac493ca6af5422e9c]"	show set
kuliik	"a shriek, whinny; sharp, shrill outcry (from a person or animal, usu. in pain) [5cf16169b292081b7e1728b0ce4fb963]"	show set
saput	"a shroud, white cloth used to wrap a corpse for burial [f3d8b149a1730cbf52eef04e92ea67bf]"	show set
tabak	"a single-legged (brass, silver, or in folktales gold) tray, esp. used by royalty [c3ece875e7028279945c9e4dcab47e1a]"	show set
kilat	a (slight) streak of lightning without thunder; heat lightning; any flash of light [6dc1238069af2cc5bc7e8877068e9856]	show set
p�saw	a small knife (esp. used in preparing a betel nut chew) [e4933a9fcb99ff73f24b96cc38b6a76c]	show set
sapa?	"a small river, stream [3981c8d36a4e332caba41fd1969d15c7]"	show set
gayu?	"a small vessel made of coconut shell, bamboo or tin, used to scoop up water [15883d3b24954655374db8a688c093a0]"	show set
ka-ti?ug	a sound [e8a6792be0e0242d5a68219324ad0445]	show set
suru?	a spoon [4031c08c5a421a9f169e0c2cdb358848]	show set
mata-mata	a spy [ce431332fc2ca7eb298f673ad93075ae]	show set
ta?kay	"a stem, stalk (of a plant); handle (of a ladle, cup, pan, etc.) [064a958ab6caab9538cbc87e33c3809e]"	show set
tika?	"a step, pace (as in walking) [68961f934da49454248631d4061e7214]"	show set
su?ut	asthma [c8a4ba34cfada217ea979ae9bab8360a]	show set
pa-?iram	a strong and sudden craving for a particular kind of food (during the early stages of pregnancy) [e95eac4ddb6db41af10891d685620386]	show set
pudpud	"a stub, a part (of something) left after the main part is gone or used up [46108f170c18780f78ab9114b429928d]"	show set
bubog	a tall forest tree: Sterculia foetida [1db4051c2ae781de1ba07bacf08f6834]	show set
tulda	"a tarpaulin, tent [48697faee47d1b3acd20c29dd3c0b113]"	show set
tunuk	"a thorn, spine (of plants and fish) [cc33180bc86b625f45074ee48ad36eb3]"	show set
gi-gisgis	a toothbrush [460b6578836668079eac3b32179f2070]	show set
dula?	a tray laden with food [b7cba4a7aa33d6949e6419fdbb903835]	show set
buggus	a tree: Acalypha amentacea Roxb. [6b5c853bdf46ac3496c4ae46c56d3f12]	show set
balunug	a tree: Buchanania arborescens (Bl.) Anacardiaceae [70f8415edfeb99ef6e1fb1d8b3ede9fd]	show set
buta-buta	a tree: Excoecaria agallocha L. [2f2d9cbdb7b09a7c2cea5d36561680b4]	show set
kayam	a tree: Inocarpus fagifera [84f9768ad2bd7db96835404304d05756]	show set
yakal	a tree: Shorea gisok [74acc716e53ef158590b02fdf697416a]	show set
tabun	"a type of quail a little smaller than a chicken, which lays eggs in sandy holes it digs [bfe5d95c5557ed5ad85c1279ab93d44a]"	show set
ina?-un	aunt [3824bbe9ba1e02675ee44b0ebafbcb3f]	show set
si?al	"a wedge, shim [6a7d1e52a05a67442cdcab5234fa0e78]"	show set
latigu	a whip with a rod and an lash attached at one end [acac4fcae631e038fecc4019d5c46b44]	show set
lubbak	"a wide depression or hole in the ground, a hollow on the head (as caused by a blow), a depressed scar on the skin [3fdd8fb56f70eafdbb6e6593ff17b4a8]"	show set
ba-bai	"a woman, female (applies particularly to humans, but is sometimes used of animals or plants) [30811ee72f62807b22e148b034ee3fc9]"	show set
kampil	a woven container of coconut leaves used for keeping fruit or raw or cooked provisions [fc5f82377f85716aa61ae6fe582fb334]	show set
bahu?	"bad odor, stench, smell [9675ea35a5f3465c6a3225c9ec8a9b90]"	show set
umpan	bait for animals or fish [dffc59560f9e82fb9fec0c77b5119635]	show set
upaw	bald on the crown of the head; bald pate [a036e13282b69cdd9a1e8babf3de4eb2]	show set
patu?	bamboo [82960335036ff4ddc124b78af7777ee4]	show set
gakit	banded with continuous winding with overlapping ends not joined together [b96b3c26e89463fdf359e75727759885]	show set
da?da?-un	be broiled or roasted on the embers [d3d94d280c46cdadac62805131007e29]	show set
lumut-un	become covered with moss [74409d7156bb15ff276dd27fb5afa9bd]	show set
lunuk	"become soft, tender; for a person to become receptive, for a person�s heart to soften [52fafa03478e100880e58da5cf4b6fd9]"	show set
kaun-un	be eaten by someone [8063bd3bb7fcc351ca44fbca58ebd8d3]	show set
luwa-an	be ejected from the mouth [28293a05234569406e84462a161dc2ea]	show set
pukpuk-un	"be hammered, pounded [d58f97bf18d47352b6a862bae8a85f14]"	show set
ka-hulih-an	"behind, as of a person that follows in a line; at the last, as of a series of things; rear [f28fb9f73ad04081b5ff24562da23fbb]"	show set
ulih-an	"behind, as of a person that follows in a line [eba95dbe841a1887bbcaba79c6c20b8a]"	show set
la?aw-un	be infested with (botflies) [da86bc4947b57b40caaecf92c95749ab]	show set
kulluk	"bent (as a twig), curved, warped [20116806c0d37e84218a6741310c6ff3]"	show set
ku?ku?	"bent over, curled up (from illness, age, fear, or joy; thus fearful, trembling, cowering) [45ce650142d959bf270f0c0f760a32a2]"	show set
manuk-manuk	bird; flying insect [a15f3e573b967402966915611b3fbc97]	show set
ma-pait	bitter (as medicine) [d751fd91c2bb11e40afb462ef2c89a1e]	show set
pait	bitterness [e45bbd83418f126a4c0145f583b3b5c4]	show set
dugu?	blood; one's life; a blood relative [f7b260c5e2780c0dc0f1ff786a9e5c75]	show set
ma-pundul	blunt [a4a216eba2a727a65a10fee9d2af5ea2]	show set
tumpul	"blunt, dull, not sharp [ab3ceb757ee5ba0e8ae080d0d4b8605a]"	show set
ma-bukug	bony (as a fish) [053aa57a4837b546a47f5f1e580a676d]	show set
la?aw	"botfly, a species of large fly [8d303f98c039a6055baae84b6ba574a4]"	show set
utuk	brain [8b373710bcf876edd91f281e50ed58ab]	show set
tumbaga	"brass, copper, bronze [cda14f1116522325c0f0fc46dadc58bb]"	show set
duru?	breast [5d7d36319ea48472c1a963b9c6c2b252]	show set
sinag	"brightness, radiance [149c3a4655961d34b5d600b9c2c4c8a8]"	show set
mag-da?da?	broil or roast something on the embers (as meat or fish) [badf1bc5246d98f4955a40ce1f5f342a]	show set
paspas-i	brush it off (imper.) [1d596444fd6bf23dd558e646c06057b3]	show set
dukut	burnt rice (at the bottom of the rice pot) [73aeeb94114118465988620fda564035]	show set
buli?	buttocks [04b5ca14dfe2f8374cd650d36ed353cf]	show set
gatus-an	"by the hundreds, in terms of hundreds [15a11f6013f7bdffa568acf2d69cabfb]"	show set
kubal	callus [e75067bc7ec2c861c468984958779e1c]	show set
usu?	carry someone in a litter or by interlacing the hands to form a seat [41887d03face6077d1281e7ada3cd465]	show set
puun	"cause; origin, source, beginning; the first wife (of multiple wives); a tree, trunk (of a tree); money invested, capital investment [7a09c5312bf0f95c9ced134c400a1121]"	show set
kapuk	"Ceiba pentandra Tree cotton, kapok [2aa476d5f54599551170f37363f46b04]"	show set
si?ka?	characterized by spread legs [f04d3f67eba1ac2189b13d590c9762dc]	show set
pis?i ~ pisni	cheek [af238f7fa55be68cec87e800e3606c04]	show set
putput-an	"chimney, smoke shaft, flue, funnel (as of a steamship) [157abe6d137012e18c8eeece4b44be22]"	show set
su?su?	China [8a7d7ba288ca0f0ea1ecf975b026e8e1]	show set
ma-p??	"choosy, fastidious, hard to please, discriminating [a20f6cabc38adb730067ac833d582324]"	show set
tutuy	"clitoris, the female organ homologous to the male penis [48aa1fc995229624dffdad227897d7bf]"	show set
lapat	"closed, stopped, plugged (as a hole, leak, opening) [066330f3d727f375ede32226838c49df]"	show set
gabun	cloud [a1234b3161b4fbfdfb96dd576b65bbea]	show set
andum	cloud (dark) [dacb7dcaf852841c24e618655d670129]	show set
ma-gabun	cloudy [f3639baeb4530db03ef930eb16073f61]	show set
apul	coagulated blood [821a4b7468085675aaa457fff3af389e]	show set
ma-sapla	"coarse, rough to the touch; (esp. of dry food on the tongue); coarse (in texture); unpleasant (to the ear) [fe73a15d2666a7f8c426313b9d3dd281]"	show set
niyug	"Cocos nucifera, the coconut tree (not included semantically under generic ); five growth stages of the coconut fruit are terminologically recognized [edbc8a5948ec173694752c6fed4f7842]"	show set
l?d	"come down from higher ground, travel downhill [845041d7b05e436870eb350b79d63a9f]"	show set
uwi?	come or go home [b68c5fcb0505fbdfa92a005fb3ed3f75]	show set
ma-s??	"commit a mistake; to suffer dislocation (of a nerve or bone), sprain oneself [5a617241f52275d9f22f4ccbf262ee73]"	show set
tubul	constipation [9409592362c345b4dad04266a7aeccbc]	show set
sawan	convulsions (can be fatal in children) [e7928e03a4e231443e334ed81a34e61d]	
tambuk	"corpulence, fatness, obesity, plumpness, chubbiness [1d51b1b7ea7ea23dd400b9576313907c]"	show set
pakay-an	"costume, formal dress, good clothes [45165aaaa9273e64fe278adc0e6921e7]"	show set
talaw-an	"cowardly, excessively fearful [86d77ad57b6a1ce1a460f6d596edd8a1]"	show set
kaga?	crab (generic) [c86933cd0e873acd60fc7dcf2da2062f]	show set
pikuk	"crippled (by having the arm bent, not from birth) [561df647de28f25841053952ba5df149]"	show set
libat	cross-eyed [ddf4752199624cd665c563c5d04067b9]	show set
bata?-an	crosspiece fastened across a canoe to support and balance the outriggers [59982a57b64dd31c9c39cb73edd7161b]	show set
uma	"cultivated field or farm, rice field [5217e446fc70863696a3afe4eb0ececb]"	show set
utas	"cut something apart, sever something [6c39c1aff443588d2cc3434e4f499142]"	show set
ma-lindum	"dark, having very little light [07d4d5c8c1612e42af54cfbacc0fcc8c]"	show set
lindum	"darkness, deficiency of light [8a38e98adfbf4095f7ed34d375b38601]"	show set
tugun	"date, appointment; something ordered or arranged, word sent; a matter (to speak about to someone) [d37613fcc3b802419fd0acb2a0113399]"	show set
uta?	debt [762f8817ab6af0971fe330dbf46a359a]	show set
layu?	distance [a74ec9c5b6882f79e32a8fbd8da90c1b]	show set
mag-tu	divide into three equal parts [570a06c7afdfc2c7103dd7a1582bc520]	show set
iru?	"dog; a derogatory term for a person, often used in anger to children who disobey or are hard to manage [248331f8640997e8553123d420f506fa]"	show set
manuk	domestic chicken [ace984040f70978f1209d82f93456660]	show set
ma-lantik	double-jointed [f357cd5ef941e9d697e67501fe9a4647]	show set
umaw	dumb (unable to speak) [145688b225385b2ae7eb6f45b036e1e2]	show set
puli?	dust or tiny particle that lodges in one�s eye [822a0ad73966231b281d13b7828070fe]	show set
linug	earthquake [e9ad9c2394f7dc7b6a69fb43e52a7382]	show set
kaun	eat [9a97eda6d89f5c9e84560468a0679707]	show set
iklug	egg [0e9312087f58f367d001ec9bae8f325a]	show set
siku	"elbow (the belief of the old people is that if someone gives something to someone and then takes it back, his elbow will rot) [7eca668bd00b61940a15505bee5b34f9]"	show set
gata?	emulsion of coconut (a liquid preparation resembling milk obtained by soaking fresh grated coconut in water and then squeezing out the juice) [bcff361fcc5267ee83f25027bd13755f]	show set
banta	"enemy, foe, adversary [4e88f5e24faf4aeffb217b51a0bafcc0]"	show set
kaya	"energy, force, vigor, strength; wealth, riches, means [4c4015d30f6af44d03100710148ee97a]"	show set
tuput	"enough, just right [0c044e511650935da1b36ac7fe8c40ee]"	show set
tabla	"even, equal, tied (as in a game or contest) [401d94225c938baebfa24c3aeb5d6c72]"	show set
talaw	excessive fear [82ff5b0032afa33545e628825fb4f68f]	show set
mata	"eye (as an organ of sight); anything circular that is essential to that in which it is contained (as a burner of a stove, the heart of a boil); the holes of a sieve [6e3cec69ccd8fa0c7802d981655ad129]"	show set
kilay	eyebrow [72e04b9ab3e41ff6e3e17ee0700f23b0]	show set
hulug	"fall or drop, as from a height [bf4ca69c8dc72d468126c80b078fdb72]"	show set
ma-layu?	far [17d965747c701d6ffb406cad0f4265dc]	show set
bulan puasa	fasting month for Muslims [3f6175ba274f07b5a738a21a02acc40b]	show set
kukku	"fingernail, toenail, claw; hoof [818b63272c6e30387d3384262f2e320f]"	show set
gulamay	"finger, toe, tentacles of octopus [f3003678f2c7061dde6b2487f2951457]"	show set
ubus	"finished, completed, done [9936863b50c648d7b757bc6651cbe777]"	show set
ma-hugut	"firm, fast, tight, tightly closed; (of one�s faith) strong; (of one�s inner being) not overly emotional or unstable, calm [6f8151aa12ff49675316d569044d8b6b]"	show set
paksiyu	"fish or meat cooked in vinegar, garlic, ginger and salt [86367e5030869c81743b1694f435f091]"	show set
lima	five [30056e1cab7a61d256fc8edd970d14f5]	show set
dali?	flange; buttress of a tree; comb (of a cock) [56a6a3ac1f71a054f12cfd5447d4cc16]	show set
datag	"flat, level (as a piece of land) [d3a4285d288399dd8826183428d000be]"	show set
kutu	"flea, louse (as on human hair or animal�s flesh) [cfa5c284d0151df0aa4835d8b1857329]"	show set
ka-kaun	"food, meal [8c17a0f1efc336994e647368e5ed4d16]"	show set
pag-kaun	"food, meal [8c17a0f1efc336994e647368e5ed4d16]"	show set
siki	foot [d8735f7489c94f42f508d7eb1c249584]	show set
dagit	for a bird of prey to seize or snatch something [3771a6469fc74ebce076b48f728df927]	show set
dukut	(for a flammable substance) to ignite or be ignited [678e5bf431c912a4475041cfda970402]	show set
mag-kilat	for a flash of lightning to occur [be848ce0d843daa999cd75ce58f05a70]	show set
t??	for a liquid or the surface it is on to drip [18cae18d0bd91a7ad1e16edd16fdf6cd]	show set
mag-sumpit	"(for a liquid) to squirt, (for a gas) to escape rapidly; to blow (something out with force), spray a liquid; to shoot something with a blowgun [e937632b14a78d3a7378a324804948b0]"	show set
mag-linug	for an earthquake to occur [2ba1628272f9ee5abcd2ca1f9ddeb864]	show set
pag-linug-an	for an earthquake to occur [2ba1628272f9ee5abcd2ca1f9ddeb864]	show set
lantik	"for a person or animal�s torso or limb to bend in the opposite direction from usual; (for an object) to bend, curl [ac22e3628a217cb6238b468ebac78e28]"	show set
mag-sa?l�d	for a vessel to run aground [c1b5c3b246f06a9a55e24a48e1d2da18]	show set
sa?l�d	for a vessel to run aground [c1b5c3b246f06a9a55e24a48e1d2da18]	show set
gatas-un	for a woman to begin to lactate [89cf23194e07bde09e71c7abc082b110]	show set
lanay	"for candy, butter, lard, soap, tablet, etc. to melt [4a1778ae78a8fec4e2f5d1690572e021]"	show set
mag-taul	for dogs to howl [8fbfb9a7b7037da541b54dc6cbc91b35]	show set
taul	for dogs to howl [8fbfb9a7b7037da541b54dc6cbc91b35]	show set
tudlu?	"forefinger, index finger [b97893a8fd5da3bfffdd7b563bcb036a]"	show set
?ilu	(for one�s teeth) to have such feeling [3a45924bbc5ef8b806a1f1a597ea3412]	show set
mag-lublub	for people or animals to wallow in the mud; for vehicles to get stuck in the mud [6344a25ed0ea9b684c97db564253109d]	show set
ka-kil?-h-an	for people to be acquainted or familiar with each other [a8ce284110112da97de933a52055e0a5]	show set
ma-sagsag	"(for something) to break off, as branches from a tree after a strong wind [42c41220e8e2f80cfe850ed4ff182f11]"	show set
sabit	"for something to hook, catch, or snag on something else [c7434eafc268bda775eada7f650cce6c]"	show set
mag-daplis	"for something to scrape, scratch, or graze something else in passing [46a3912a09f13300022d59f4c1f159ce]"	show set
mag-suba?	(for the moon) to rise [1b173ad2a8285795d4608cd4be444c53]	show set
suba?	(for the moon) to rise [1b173ad2a8285795d4608cd4be444c53]	show set
gila	"frantic with delight, wildly excited, delirious, enthusiastic (usually with sexual connotation) [7ce0463bcc3bc6da0239deb27c503e78]"	show set
puas	free (from some obligation) [76e295d12667b9e14e629d6507c2f93d]	show set
unah-an	front; forward [bfcd56c67c85936d7e47c48d1bc06250]	show set
una	go ahead or before [e5f16b5dc3443448e26af61ad3ec22b9]	show set
sigi-sigi	"going on in rapid succession, happening over and over again, repeated often, continually [4c6523b9580162dd07522f777c5fa9f5]"	show set
para?	grass [09d440e487d45777c05c3a6552ad9154]	show set
sa?lag	grated cassava roasted in a pan [b625c5f59c311aaa3ad196d716787e15]	show set
uban	gray hair on an older person [a9ad5453815acb9a6880fe11bd00519a]	show set
ma-?apkap	grope for a woman in the dark (for illicit sexual intercourse) [e5b8c2d52f410098dae4d02092698cf0]	show set
ka-para?-an	"ground covered with grass, pastureland [0ec37517ba71522db4348c2818990070]"	show set
tu?a?	half [7afe399f1415b137d0962f82662fa9d4]	show set
tukul	hammer [5f9901fc60b769b523d0dd8e79b3fe08]	show set
pusas	handcuffs [ffef070e6c7525e1c9bebadcc0033b46]	show set
li-li?ug-an	having a collar (as a dress) [124bb6f92c35ab252ed4a79c553d1c46]	show set
pukul	"having an amputated leg, arm, finger, or toe [95c20fa5c069037d3adc6fb8791690af]"	show set
kukuh-an	having long fingernails or toenails [7538544b4283fa307dc5b1cc1832aba7]	show set
ma-rukut	"having or producing a heavy mark, dark shade (as of pencil, ballpen, color) [00df47d8c50842659bdedd9c800f0f6b]"	show set
pi?kit	having six (or more) fingers on one hand [e7088569d5cf410febd1e70b0c18cdef]	show set
?	head [96e89a298e0a9f469b9ae458d6afae9f]	show set
pasu?	"heat, warmth, high temperature; anger, temper [458f3c21bd5c5c72ab6917e443fe377e]"	show set
pasu? atay	"hot temper, short temper [9540ecdc1d253237f2b0f7ea2600978c]"	show set
ma-pasu?	"hot, warm (weather, body temperature); unlucky (of a day or month; e.g. for planting) [3d5c375c56f59a1410a43187175d4dae]"	show set
pila	how much? how many? [77e1a2450cbff68a3f711f8c13a6ed32]	show set
apa pay	husk of rice [1f0e809084bc359017988eb1cb4a53ed]	show set
bahug-an	immerse cooked food in liquid [3bd4a4d451b4d8506f6303466c9b3e55]	show set
bahug	"immerse cooked food in liquid, as cooked rice in soup, gravy, milk or water [ba689d493e11cf191debbf47e1881fad]"	show set
manuk-un	"induce someone to fight with someone else, stir up, instigate [c907f2773c578710ec220f91d95151e0]"	show set
akkal	"intellect, intelligence, wisdom, ability [cfd79a808e3a7ac4767c30cba31ddb48]"	show set
puun-an	"invest money, have capital [99d2a20776eaa14a7d6a7c1b2dc23a87]"	show set
p??	island [3dbacfd76b0a040ccad1eacb20def4c8]	
katul	"itchiness (as of skin disease, lice, or prickly heat) [074b952da164de9611f676f51327faa7]"	show set
sumbi?	"jagged, dented, notched, nicked (as of the edges of cutting tools); hare-lipped [c652e18395fb82c21a46b27f97c717a0]"	show set
kabus	"lacking, incomplete, deficient, premature [e26aceebf38a026a867905a231a559b2]"	show set
pilay	lame [6780237a0c54951693513efb491f7aae]	show set
kawil	large fishhook used for trolling [610e033941984c361cd2a8cecd96d9da]	show set
b?t	"large sea cucumber, trepang [73383d9cc980e77704e0d8c59917f892]"	show set
huli	"last, end, rear [96643ef7e2f092f303dc1cfe702c6104]"	show set
ubud	"leaf-bud or heart of palm trees, used as a vegetable [6ee85618a6034d50d1d38e948c58be6a]"	show set
alimatuk	leech-like creature that lives on mangrove trees [b09f49958329a3c33025004da6072284]	show set
s??	"light (of a torch, candle, etc.) [cfb6093578081461b7101a1d7e08271b]"	show set
pa?kat	lineage; a story (of a building) [24937074079ead95f01527263befa74f]	show set
ki?ki?	little finger [92265d95d3d591072bc30bf081891062]	show set
luslus	"loose and about to fall down, as of pants [005e51117a4ade2f399f318f691c0410]"	show set
ma-huka?	"loose, not tight [d41a2bdc6446d3f56722177111f69e30]"	show set
huka?-an	"loosen something, as of tie or knots, bracelet, lid, tourniquet, or wound dressing [1ca5081dae8110efb18f5629bc6194a3]"	show set
d?ga	"maiden girl, adolescent girl in puberty stage (may also be spoken of some animals) [8c247ef087d0d144cbe771dfad615047]"	show set
balunut	Mangifera caesia Jack ex Wall. Anacardiaceae [e32b7bf03ba8aaf80d5fece1986c6db4]	show set
ma?ga	"Mangifera indica, the common Cebu mango (yellow when ripe) [f3301096d9f2e791ca73c1b7e6c5fa6b]"	show set
ka-bakkaw-an	mangrove swamp [fb1c3bb03f246c027a7e616358696519]	show set
kuriput	"mean in spending or giving money, stingy [ca76287756694be76c28c335404af6f8]"	show set
tu?a?-an	middle [4a548addbfb239bbd12f5afe11a4b6dc]	show set
gatas	milk [ecbdb882ae865a07d87611437fda0772]	show set
dawa	"millet, a cereal grass grown in Jolo and available in the market; Italian millet (Setaria italica) [03cb9ea5d7e978b378d7cd5179fc3859]"	show set
bala?	"misfortune, affliction, plague [7542c8ec371e5995e08460957a8dcfe0]"	show set
s??	"mistake, fault, error, flaw [0707619339ffc315dd39fdce07c2cda3]"	show set
ba?kudu	Morinda bracteata Roxb. [16b3c30b4804064ee23be41b3729f87f]	show set
lumut	moss [06a311b9097555ff46e11ef76b194f6e]	show set
liyu-lumut	mossy [26421fbd4aaadb83bbd3a96f5aed8b5a]	show set
ma-lumut	mossy [26421fbd4aaadb83bbd3a96f5aed8b5a]	show set
buud	mountain [ec6d9c8953ab272295ec0469bbed59ab]	show set
simud	mouth [cb5786412becb979c90f606f25ad4b4f]	show set
sudsud	name given to several sedges (grow on riverbanks and in swamps) [226e7a250db4667b37fc574fe2f2cfe2]	show set
kiput	narrowness (in size or space) [4009ac1c7d47fc16be0d81cbbc18eaeb]	show set
ukkil	"native sculpture, carving [362c89284e7b4db700c47f4af0975d53]"	show set
p�sud	"navel, umbilical cord [1a0433acd432753c4ecae9761f22f2a8]"	show set
li?ug	"neck; neckline, collar [1e3dec4eaecea110a2c789fe9056f61b]"	show set
bukun	negator of nominals [214e00133d13ff8d1c54099360d3b83d]	show set
d?m	night (as opposed to day) [ac4f802f0710b1c68aaee4230f3e9522]	show set
siyam	nine [c785e1ed2950e3e36b1e2ca01f299a54]	show set
nipa?	nipa palm: Nipa fruticans (used for roofing and walling) [03627401f47544411f1c31354d597414]	show set
ka-	nominalizer indicating the manner of doing an action: �his getting there� (cp. �go or take something to a place�) [b6ca9f85f1b1081542981d4cad17453a]	show set
di?	"no, not; negates predicates which have not begun aspect verbs as heads ( �I don�t like you�, etc.) [302475b16496aae3615ec8d6f865579c]"	show set
ugtu	"noontime, mid-day, whe the sun is at its zenith [b425861ae737ad9c726af9e45a32f0c7]"	show set
punud	"not hollow, solid (of a body), sturdy [ae27a5e83f535a9afcae275238c0b692]"	show set
ma-sanam	occupied or filled with ants (as a house) [bf0c96ac5e3de981080f6cd2bb51195b]	show set
kugita	octopus [fcf1eed8596699624167416a1e7e122e]	show set
layug	"(of a coconut tree or a person), very tall [5f98c7ca34e8d9ee89cd37436628268f]"	show set
lubug	"(of a liquid) turbid, muddied [61a164d4d6439ab17241767fce7f16c5]"	show set
tiku?	(of an object) crooked [3b62e9938f5f1c23b6c63c0a950c5cde]	show set
kabus-kabus	"(of a person) abnormal, mentally handicapped [126da21b2e32dc64c6148ba0d36fe766]"	show set
tugub	"(of a truck or boat) deeply laden, overloaded [f34c4ed9f14218a67b4a84772080de2f]"	show set
hinug	(of fruit) ripe [fb495f58cf9413ed66f153ad4a0ed4cf]	show set
tunaw	"(of ice or a tablet) dissolved, melted; (of food) digested [603805af53806d23a9b0608913134a84]"	show set
tamana?	"(of people or animals) barren, sterile [db70a52713194b1bc34d32c6cf7c6a09]"	show set
ta?a?	(of speech) stammering [14afaaaf0e8a2de9fe9b770ff1fa6a59]	show set
daan	"old (in the sense of worn, out-of-date, out of fashion, as of cloth, clothes, shoes, books, or houses) [f21be5e2d2b8fb7dcddcf18fbb97d0b0]"	show set
hukuman dapit	one-sided judgment [1b3d12c783e117ab9f118ce3b8924c76]	show set
maka-minsan	"one time, one time only [216a1ccf16c727622e01553b54517d84]"	show set
mag-banta	oppose one another [70a20405dc782ce5e5c5f85fd81b80cf]	show set
ma?a	optional particle used to indicate plurals (with some nouns refers to that one and his associations or companions) [b58db7b5822edd147aa5b2afdd97a4e4]	show set
hulas	"perspiration, sweat [faa6a08ef21c7f3113488b3effc75c8f]"	show set
dapit	(pertaining to direction) at the side of [a57efe5482c7b9377609777a5d8c1fb4]	show set
pa-nanum	"plants, that which has been planted, a crop [25ea57f52b03ad3abe189618dc9fc510]"	show set
la?pas	"plunder, rob [cd901798571b1a3bcd3b222bb26450f0]"	show set
lassun	poison [35393c24384b8862798716628f7bc6f4]	show set
usuk	"pole, post, stake [730bebcfd08a71e4e61ce2ea27239dde]"	show set
dalima?	pomegranate: Punica granatum L. [328ed757af771a4ac5bd195d75d9d3b3]	show set
lumba?-lumba?	porpoise [c72e9bea2eeb1f1d389492f9cc29a891]	show set
ka-n	possessive plural of personal names [aa2846d69f325a1ee778a8f25a366483]	show set
puga?	"press or squeeze a liquid (out of something, as juice from a fruit, coconut milk from coconut meat, pus from a wound) [56fd07a26665805b55c368fbbda44b88]"	show set
halga?	"price, cost (of something); value [d6dc4893bcb0a3a8786c44ba0ae7be95]"	show set
datu-?	"prince, any male member of a royal family; a rank bestowed on certain people [26152efc7991b03038257578e992f4b6]"	show set
untu?	"profit, gain [e08b5a83eec386de4d87fe8634f87f37]"	show set
-ku	"pronoun: first person singular non-topic actor, causer, and possessor pronoun; I, my, mine, by me [9eb8ce88cf3cc4b0d55a51c24a8a4fe6]"	show set
nana?	pus [4d4ba904b38d85f8001cd15526c82a56]	show set
li?ug-an	put a collar on something [bf90ef2702649bdc33ef53492eb0451f]	show set
kunu?	"quotative particle for indirect speech, he/she says, they say, according to (disclaims responsibility for speech reported); euphonic particle for politeness [fcd32068f88648f75b6f2d9003e988b4]"	show set
ambaw	"rat, mouse [c4226a51ccb8cd8be90af5965a289938]"	show set
sakap	"ready, prepared [5324d45700f405083d9fe495d7da1014]"	show set
kil?	recognition [0c6a50fbc0c4c91601f873caff2d3a56]	show set
pula	red [bda9643ac6601722a28f238714274da4]	show set
kap�n	"remainder, balance, leavings, remnant, ruins, leftovers (as food or clothes) [4da28dc7d5cbb32080b8e1764aafd978]"	show set
bakkaw	"Rhizophora spp., mangrove [29ff7b6711aa5eebce3d0a3c5f418e54]"	show set
ubu?	ridgepole [dbdf8ac0176e12ea8522c107612dea82]	show set
tu?u	"right hand, right side [8003692726ca356b75d3466461967353]"	show set
ka-batuh-an	rocky area [14b664256a44c6a5d771bd8a285c82b5]	show set
ka-tuput-an	"room, space available [438a17f9cf40e51a479ef8aa6e960b00]"	show set
gabuk	"rotten, crumbling, turned to dust (as wood eaten by termites) [2e53f5ff524220e24b2c88a8a73f1600]"	show set
suysuy	"rumor, hearsay, reports not based on definite knowledge, general conversation [0a172e5c4c1fc57685b08731d5d62c21]"	show set
lumbiya	sago flour (a starchy foodstuff derived from the soft interior of the sago palm) [2f1cef58d84a1047bd75abf167c145a6]	show set
lura?	saliva [1e893922a5ddc59deda87b8f38f360cb]	show set
buha?in	sand [88336b5bb2a1cc21bac7cf33fd451270]	show set
kigkig	"sandpaper, anything (such as shark skin) used to polish or smooth a rough surface [0e6a581655d36c5dcbe2c4369a9ad375]"	show set
gunti?	scissors [7d89153387e0f3ffc41641cc4fb91cc1]	show set
dagat	"sea, ocean, ocean water [a094f1100441e6fc68527751ab6f08a3]"	show set
ikut	"selfishness, stinginess [4b0dee4a60e91f30b4535aa0a553238f]"	show set
ma-tuyu?	seriously interested and enthusiastic (in doing something so as to attain something desired) [cae7d4468a28c5b32f360344480a9e57]	show set
pitu	seven [bb3aec0fdcdbc2974890f805c585d432]	show set
hika-pitu	seventh [5098d245aa911c02a50e276087c0b4a9]	show set
tawmpa?	shoe [d8a48e3f0e1322d53d401e3dcb3360db]	
ulak-an	"shuttle, as in weaving [434e9f7319da6305267a4c4a36ac8976]"	show set
sakit	"sickness, illness, pain, soreness, ache [2e4ad66795dcf24662809c27e0184fd9]"	show set
na	signals the arrival of the time of an expected event or the attainment of an expected state: now; signals the occurrence of an event or the attainment of a state sooner than expected: already [f153f804beafe1687ad7eb90d6747165]	show set
pa	"signals the continuance of an event already occurring or of a state already existing; still, more, yet [96672060f389654ae9a3875c447e5c20]"	show set
pilak	"silver (the metal); money, pesos [a894839fc21a3006c5e925ffab61bddc]"	show set
ugam	simple stomatitis (characterized by the formation of tiny ulcers on the mucosa of the mouth) [95a38f5665842ee6fe6bdf863d924e88]	show set
m?su	sledge hammer [a59d69ce872b3f9303525ed4ee00588e]	show set
t?g	sleep [c9fab33e9458412c527c3fe8a13ee37d]	show set
hurus	"slipped down, slid down [fa8bf48645c28f7e255b7f44eb87160f]"	show set
l?r-un	"slope, embankment, downhill area, falling ground [f4844cff1ff59ea697ad640dde04cb4d]"	show set
inut-inut	"slowly, one by one, step by step, little by little [b9494206b6c600dab22b6ffc37e92362]"	show set
tu?aw	small red tick (lives in rotten wood) [f9e322643780f2106d7242fddf49587e]	show set
kagaw	"small vermin found in sores, germs, microbes [82cb961f14ee9c1ec7ec247a0352d890]"	show set
ma-lunuk	soft (as hair); (of the body) weak [560429c334242e1277a51b7ff56c6ac4]	show set
lunuk	softness (as of a mattress); weakness (of the body) [c1119f88058b08d5b217926dde06dc93]	show set
pa?-akkal	"(someone) prone to fool people; one who tricks, dupes, or deceives people [08cebee98c76f7383b31987b6c4da9d3]"	show set
paspas-i	speed up! (imper.) [605e210c4cc18257abc54967cf4a7f4a]	show set
lawa?	spider [f1a81d782dea6a19bdca383bffe68452]	show set
sawali?	split bamboo woven into sheets (used for walling) [7d98791f9b60333e1229cded71d3a1ee]	show set
kaba?	"spotted, piebald (of animals, fish, material, etc.) [b6f7aa4d4072b182c0d3d23b4b2f9c46]"	show set
ugbus	sprout (of a plant) [069664e7e6ae02f4fcdb5132cbdad5bc]	show set
sumpit	"squirting, spurting [83eb2bc100602cfe0d39286e958e23f9]"	show set
tag-andak	stamp the feet [c228099c8e4b23be876e5b91c8a6cc25]	show set
p?t-an	sticky rice (a variety of rice that becomes sticky when cooked) [b5913f163bcd6068688ebe49741f0311]	show set
ma-bahu?	"stinky, odorous, smelly [750aa12321253227f4e8905eb4ee6265]"	show set
tiyan	"stomach, belly [61d63afed94b4f38a2f1609a65211422]"	show set
batu	"stone, rock, pebble [1215341970b350a56f5b9b743cdba8c2]"	show set
kusug	"strength, power, vigor [4cd9f4eedfba418541dbc8892b31781c]"	show set
ma-kusug	"strong, vigorous, powerful (of rain, coughing), heavy [320c050b91f8dbaac90d2dce35e62687]"	show set
tubu	sugarcane [2ed99d8fb99753b3730cf6b8697be6fe]	show set
palig	surgeonfish [f406f5e196706907a323e73bc29dc04b]	show set
atis	"sweetsop, sugar apple: Annona squamosa [b435ff631ad5ecf47f5d77fd28012a8f]"	show set
haba? dila?	talkative (lit. �long tongue�) [22147f68fb5f0ff857fa9165e417c906]	show set
utan	taro when the leaves are not yet open (eaten as a vegetable) [c85363d643a1f6a4e137797237b6b94c]	show set
jati?	teak [59744997bdeef60d0d03eb000be8feb6]	show set
ha-?-pu?	ten [b1b9a972ccd8c962a473909b97007eb4]	show set
aya	"term of respect for male nobility (sultan, datuq) of the same generation as one's father (including father); hence: father, uncle [25cfefbbce0030facd15379d1a129eb2]"	show set
tagar-an	that which one is waiting for [9048f6c7ad0caf240fb4ef3bd5ad41e3]	show set
d?n-an	"the cause (of something), course of events leading up to (something) [7629a1ce6bb2c5a444cdf162b1255e53]"	show set
pikut	the common housefly [ce7d964c909b9ce7e49d5845149e0d84]	show set
tumbu?	the end of the spinal cord above the buttocks (where a tail would grow) [9295d2cd741a4e8251febdec12246075]	show set
pusu?	the flower of the banana (used as a vegetable) [7cd48444962112eccfa71121189765c6]	show set
pag-taul	the howling of a dog [c8f695b589afd5874e7ee9247256222e]	show set
gi-nhawa	"the inner part of a person, spirit, the thinking, feeling part of a person (as distinguished from the body); mind, intellect; dignity, self-esteem [21f6f63126e6b0a318cf104816d14405]"	show set
gulis	the lines of the palm (of the hand) [e3896c0203821b2132d8ef9bf43814e2]	show set
pintal	the main string attached to a kite (that holds it firmly in balance) [98d51f88cbc1ef43dde29bab57ef0baa]	show set
gasa	the mantle (of a pressure lamp or an Aladdin lamp) [499132f5a3a0cd95f69c8fcb6c5943e0]	show set
ikug mata	the outer eyelid (�tail of the eye�) [bdd3a8fff3becf21037ddc18e70b5f4b]	show set
lupis	the outer layer of the abaca plant (usually used as string) [8b333967892225b9e73deeff2a53529f]	show set
kakak	"the quack of a duck; a loud, coarse, burst of laughter [97c86590483e2f7e533dad2da833764d]"	show set
la?it	the sky [a35f40a0b3010134cfb1c11961368b87]	show set
takla?	"the sound made by flapping the tongue against the roof of the mouth, a clicking of the tongue [cb819b3b58539a8a8e9e35a12ac8000a]"	show set
?ilu	"the uncomfortable feeling at the edge of one�s teeth felt when hearing a scratchy sound, eating something sour [f3f616ed11b5880bb4c02fb113ed4c3a]"	show set
tanug	"the volume (of a sound or voice); famous, well-known [8b6ca5972cc85cf85cc51c82ccfb7f3d]"	show set
suba?-an	the waxing of the moon; the number of days in the month since the new moon; a day; the direction east [8c133b511631ccc6e4c803f25f09e548]	show set
paa	thigh [f155e2b0674e3aea187c9df55ce6d239]	show set
ma-nipis	"thin (as person, book, pad of paper); (of cloth) flimsy, sleazy [962721091f42bd25769439f1ccad48fc]"	show set
kuwan	"thingamajig, thingamabob, what�s-it (a word used for whatever one cannot immediately or exactly express, but is usually understood) [1a65dd1d7389a14810927585de107e4b]"	show set
kuppis	"thin, lacking thickness, empty (as of the stomach, a pillow, tire, balloon, or sack of rice) [73ed5640b1089666258ac16ff58012dd]"	show set
nipis	"thinness, flimsiness, sleaziness [f2382a25d09ea416136d54d40db055f2]"	show set
uhaw	thirsty [52def7c94d005c020297bef28628392a]	show set
tanud	thread [dc127f5d2483352fd20eaddb38feb6d2]	show set
t?	three [35d6d33467aae9a2e3dccb4b6b027878]	show set
hugut	"tightness (as of a knot, tie, lid, door); firmness [c025d806820fdcdc1277c2080f8eaf50]"	show set
?h-an	"tip, top or front part of something; chief of a group [7a62eae8b260e102e4798b4143588c44]"	show set
ma?-guyud	"to abduct (someone, often a girl in order to marry her) [3a01399574982ade4c0bda665ea2b6d5]"	show set
mag-gatas	to add milk to (something) [39931546bc908ac8dc4886d03de1189a]	show set
mag-pakay	"to adopt something (as an idea, practice, or behavior) [3762900694ff4551ecbc65612a636dd4]"	show set
mag-uyun	to agree with (another�s opinion); for two or more opinions to agree [d89d6f73617442d8fed94136a56cc380]	show set
mag-tugut	"to allow, give permission, concede; to play out string, let something out further (e.g. a kite) [0917b933f26fc14c071f53bf1dc583f1]"	show set
datu?	to arrive [4c81e57460a3ce37b3aa1c7a3b4bb948]	show set
datu?	to arrive; to appeal a court case [23f60b4efd8d348364f9f8091abcc722]	show set
hu?suy	tobacco pipe [7d0ffb0d53e01a208bfb5b6a4f1fd731]	show set
limas	"to bail, remove water from a boat with a bail [b2d6d2aef0bd73cdc7066797ef8b1dea]"	show set
limas-an	"to bail, remove water from a boat with a bail [b2d6d2aef0bd73cdc7066797ef8b1dea]"	show set
sawan-un	to be affected by a convulsion [ca2bc506cd4f43569e0c1b1ea1c933bb]	show set
datu?-an	"to be a recipient, be attacked or beset (by something, as a disease, fear, laziness); place where someone stays upon arrival (as a house, hotel, or apartment); a person or body to which a (court) case is brought or referred [0d25b5d12e8c1f530219bc16cfa15421]"	show set
mag-lubak	"to beat, whip, spank someone [1655c78503774529ffb83a49a30c1338]"	show set
ma-gila	"to become frantic with delight, wildly excited, delirious [0c35d49ce15930cf32f4491d5ad4cc3c]"	show set
ma-pilay	to become lame [fd25b0b22ce464f69302ff7f1fadc999]	show set
luslus	to become loose and slide down [8db23df2427871a7a5b91175cac9ed75]	show set
ma-sumbi?	to become nicked [fa704e2e9049fe2fd31a073684ef5246]	show set
mag-sakit	"to become painful, sore [ade60d0f6d29221e01610860ba4e054e]"	show set
sakit	"to become painful, sore [ade60d0f6d29221e01610860ba4e054e]"	show set
ma-hinug	to become ripe; (of a cold) at the stage at which mucus comes out freely when the nose is blown [9d1dcac44a9a26ccb1b6daaee79e5b33]	show set
mag-ikut	to become selfish or stingy [1a47d0d5f4ba47a6b78c0fb2179edf17]	show set
mag-tamana?	to become sterile [71c34f458e0e2846cb3ee711dc7a05a6]	show set
mag-nipis	to become thin or thinner [bc292a26639b072310895ce782fbf79a]	show set
nipis	to become thin or thinner [bc292a26639b072310895ce782fbf79a]	show set
hugut	to become tight or tighter [dd7ba0931265f9b80d70e7e59aa4d69b]	show set
ma-lubug	to become turbid or muddied [3bff64df3aefca1c021682b1d5a5c472]	show set
lupay	"to become weary, fatigued [ba0ab923be727d2a60ad19d7f3486501]"	show set
muti?	"to become white, as cloth that is bleached [c6437f029f21cf19c743148f7ed3ddf6]"	show set
tubul-un	to be constipated [543b31bdfb9a2c424233678df653cde2]	show set
tuyu?-un	"to be earnest, zealous in doing something; strive hard (for something) [eba54e9708ff6ef18604707d3e543f8c]"	show set
ma-limun	"to be entirely covered, out of sight, submerged [8679216f76e6777da0202035f0095622]"	show set
duwa-un	"to be in twos, (do something) in twos, use two (of something) [7263d8daad06c189a70e24da51c9eb32]"	show set
kabus-un	"to be lacking in, be short of, run out (of something) [ac9e5e2c4c5f0b23f52c0c4eff70450e]"	show set
kulluk-un	"to bend, curve (something) [a433229557ad24e22635da9b7c73cdc6]"	show set
mag-tuwad	to bend over with the buttocks raised [7f84732ef80b4d7c48cfd0a90b4a0d4d]	
mag-piku?	"to bend (something, as iron or rattan) [6214927ae17f4099f0da378fd638c7b7]"	show set
ukab	to be open or about to open [081d45254c12b1e306f09b81492e1e0c]	show set
ma-lanus	to be or become a spinster or an old bachelor [375306558281e6094a0e19575df9b78d]	show set
pag-suba?-un	"to be or become crazy, be mildly affected now and again by times of lunacy [800a3c213b7500b584d55f3ce485a0fe]"	show set
ka-katul-an	to be or become itchy [593d4b6e93c151e7cf918ab63694b875]	show set
mag-hipus	"to be or become quiet (implies an end, cessation or discontinuance of noisy activities, as of household chores, traffic, quarrel or fight, or cannonade) [6333d8c9409694da9e0d5f8d854adda6]"	show set
ma-li?ga?	to be or become tipsy [59811b7413da755bca30dd0853189edb]	show set
ugam-un	to be or beome afflicted with stomatitis [102cfaaf9f25e60a3fe05b28e20e3b97]	show set
d?m-an	to be overtaken by the night [a80e159423747077549d764a509d1b34]	show set
ka-tanum-an	to be planted on (a plot of land) [9f0437a2448702c6ce04f694827dab7f]	show set
ma-puas	to be settled [ea8d3abae684e5509958135f3353a611]	show set
mag-kutup	to bite or take a nip of something (usually hot chili peppers) [dd9739482b3edf76edd8997c5020c800]	show set
kutkut-un	to bite (something) [b7cc7d0744cef7e68ed945cc5a0a6c6f]	show set
ka-dugu?-an	to bleed [9719b0a3fbc54bff296f05acd1183ae8]	show set
mag-dugu?	to bleed [9719b0a3fbc54bff296f05acd1183ae8]	show set
mag-p?tu	to blow a whistle [c56dcea4bcbd8e81a800e5bb8eb69aec]	show set
mag-suntuk	"to box or sock (someone), hit (someone) with one�s fist [9933fb24301b8b16537fac4a33382d46]"	show set
lubid	to braid something [0a8701fe393fa092eedfedc324f95061]	show set
lubir-un	to braid something [0a8701fe393fa092eedfedc324f95061]	show set
mag-bugtu?	"to break (something, as rope, thread, wire, string, etc.) [ec2d6232f7781a32b026e34bfdbf604d]"	show set
sagsag-un	"to break (something) off, destroy or damage (something) [e9e2f0130e51da5f4c30ce1f61dad608]"	show set
da?da?	"to broil or roast something (as fish) on the embers, as meat or fish [d815366cbca59ea777dc1661482502c0]"	show set
kiskis	to brush one�s teeth [b272d2de4c125aea87818346a1d47cb2]	show set
ma?-gisgis	to brush one�s teeth [b272d2de4c125aea87818346a1d47cb2]	show set
mag-kuta?	"to build a fort or stone wall, fortify (a place) [f04013afe2d244c34d894a82196f65b3]"	show set
mag-taban	"to capture property, loot, plunder; (usually for many people) to strive to get a share of something [5d4b2566bbdd9c08b89dc25be9ca2533]"	show set
ka-puli?-an	to catch dust or any tiny particle in one�s eye [b36ebd771dda70f7039ebe2fe4883a49]	show set
sipit	"to catch something between two fingers, pincers, etc.; pinch something; to clip something, as paperclip clips paper, a clothespin clothes, or a hairpin hair; to carry something under the arm [644c5ec901c37df443e208fdebb8b5ad]"	show set
daan-un	"to cause something to be old or worn out (esp. by constant wearing, as clothes or shoes) [a0c55c243f54e7d08ac077e915d36b83]"	show set
mama?-un	to chew betel nut [824e9bb378f418ac014b500279c455e2]	show set
ma?-p??	"to choose, select, pick out [d87f38f1e67d618dcc1a073d71e8f7c8]"	show set
p??-un	"to choose, select, pick out [d87f38f1e67d618dcc1a073d71e8f7c8]"	show set
mag-p??	"to choose, select, pick out; to remove unhusked rice or other particles (from cooking rice) [b6880e97ee29aa28cd035108a0c70447]"	show set
li?ku?	to coil (something) [285cf44e0ce86f52986169f29baabc08]	show set
mag-li?ku?	"to coil up, as a snake [66f674f8c82c7b0573d68749ceedae6a]"	show set
ma-ta?ta?	"to come part, be dismantled, come off or out of something [65250c6cbecc4d4eed7dc1520993e35e]"	show set
k-ari	"to come (to the speaker or somewhere near the speaker, as in �come here!�) [25bb7c1e92732abad3bc38c5ea892a62]"	show set
m-ari	to come (to the speaker or somewhere near the speaker) [e563da484bace0a7d45a9b6b9dd2418f]	show set
mag-s??	"to commit a mistake, error or fault, have a flaw; err, miss the mark, be wrong [bce356b44a5a4ce5d0c49fedce94e3a8]"	show set
s??	"to commit a mistake, error or fault, have a flaw; err, miss the mark, be wrong [bce356b44a5a4ce5d0c49fedce94e3a8]"	show set
mag-lassun	to commit suicide by taking poison [aaf1c11ce425d3f4d45afb220cda328b]	show set
timba?-un	to consider something (in making a choice) [167a470288e366cce4363cbfa44be126]	show set
talus	"to continue, finish (doing something, esp. something already started) [c60bef59825b78cce31ff3b0a82ade2a]"	show set
su?ut-un	to contract or be afflicted with asthma [39c7d709c4944d840659fe93c265787e]	show set
mag-iyut	"to copulate, have sexual intercourse (vulgar, often used in foul language and cursing) [420967c7e6614fa25fb8864a7216dced]"	show set
mag-latag	"to cover an area thoroughly; for information, gossip, sickness, etc. to spread, diffuse [2a08fb38112f89434611d370cb28a602]"	show set
gili?-un	"to crank something, keep something revolving or turning; to grind something, as coffee or corn [a4e0b4530a36200fb69818d17b2acd55]"	show set
mag-gili?	"to crank something, keep something revolving or turning; to grind something, as coffee or corn [a4e0b4530a36200fb69818d17b2acd55]"	show set
mag-taytay	to cross a bridge (to a place) [4d448cdee816c2ee4e145701396ee34f]	show set
taytay	to cross a bridge (to a place) [4d448cdee816c2ee4e145701396ee34f]	show set
mag-sabit	"to cross an object over a like object, as one leg over the other, the ends of rope or thread, pieces of rattan, or grass used in weaving [1cd774cc139949a8821c6086f6634eaf]"	show set
mag-pipis	"to crush or press (something so that it becomes fine or soft, as peanuts, pepper, or grains of rice) [07a155ae2b5f01f23693287c735eaa88]"	show set
mag-ta?is	"to cry or weep, shed tears [fc7b010fa36e31980a82547525f1abb0]"	show set
ta?is	"to cry or weep, shed tears [fc7b010fa36e31980a82547525f1abb0]"	show set
mag-kulu?	to curl someone�s hair [c1db9073d2f46e4bf9a851f3b15d4b53]	show set
sipi?	to cut a stalk of bananas into hands [ba78cb30915f0b2afc1fa730facda87b]	show set
tastas	"to cut or tear stitches so as to open a seam, hem, etc. [8aca473ab6324d617a9b7f7c47212f78]"	show set
gunti?	to cut something (with scissors or an instrument resembling scissors) [83435da243c2e0376d294fb121145489]	show set
kutuh-an	to delouse someone [b292e42940f86f4eb29fe5b1006e69d7]	show set
mag-ka-pagas	to develop a hoarse voice [6ac362e21900abaa0263a636acc252d1]	show set
mag-dahun	to develop leaves [c86420efbcf71de4ae5a97def4b21324]	show set
gamut	to develop roots; to become settled or established [6effd5e8a5db42bb15b3408e223088b3]	show set
mag-gamut	to develop roots; to become settled or established [6effd5e8a5db42bb15b3408e223088b3]	show set
mag-ka-sakit	"to develop sickness, get sick [439b8a7d3d3215f4d3103d02b24eef56]"	show set
mag-tunaw	"to dissolve, melt (something); to digest (something) [a0923151576c5d39a7f0dbb6407491fd]"	show set
tunaw-un	"to dissolve, melt (something); to digest (something) [a0923151576c5d39a7f0dbb6407491fd]"	show set
mag-tu?a?	to divide something in half [28614bc699a28997f9033dd60b05d971]	show set
minsan	(to do something) at one sitting [199f40ee02405385155e4a2eb93d252e]	show set
mag-guyud	"to drag, pull (something) [7f81f82623a5bf5e52a0a1a8b000e12a]"	show set
guyud-un	"to drag, pull (something); to abduct someone (often a girl, in order to marry her) [0d6d7d059b485944b5c5e9f640bc8491]"	show set
mag-t??	to drip [030b789030e88d63d7c23b2188ec7238]	show set
t??-an	to drip [030b789030e88d63d7c23b2188ec7238]	show set
lumus-un	to drown (someone or an animal) [7c6db8a5ce60bd2e5141c4b7036fdb6a]	show set
mag-katik	to drum (with a small stick or fingers) [df978a02852ef9e81d9399e91c5e89c2]	show set
kaun	to eat [41b400e8245cdc3ac003487b7780f5af]	show set
mag-kaun	to eat [41b400e8245cdc3ac003487b7780f5af]	show set
mag-ab?ab	"to eat or drink voraciously (derogatory, connotes criticism or anger) [24f5471c13da02992921d8993ed2a453]"	show set
mag-luwa?	to eject something from the mouth [10e52cab84dad2a423452dd179ea0ffd]	show set
mag-likus	"to enclose something, confine something by or as by binding [27d7f3b06a3708e8bc20fbef066cd98b]"	show set
gaga	"to exercise authority over, discipline, restrain, or control someone [1ddb35a4228868892e86c799cbef3ba9]"	show set
dugu?-un	to experience menstruation [d12a7b1ad7b0a0dd22f68dc83d602db9]	show set
mag-dupa	to extend one�s arms to the side [3607b2dfb06fc8f73f3c1712956629dd]	show set
pa-kaun-un	to feed (as children); cooked rice [c929764067fb2ddc6641a95898b948c5]	show set
mag-suru?	to feed (someone) with a spoon [4353a6bc6f75dae20596829f15916b4d]	show set
mag-bansag	to feel proud of something; to have or show a proper pride in oneself [db0fd02041bbf8d2f1f60cfbe30ea66f]	show set
gutgut	"to fiddle (something, as a violin) [a3d14926446cf77c7d7d21af429b42fb]"	show set
mag-lawag	"to find, seek, search, look for (something) [a19645c4e1c606a8144b2404e901300b]"	show set
pukut-un	to fish with a seine [3b6b99a436b81c29a5482de9ab0729c7]	show set
tuput	"to fit, be just right, enough [b2f7e36caf68f881b616b6354943e205]"	show set
mag-tugun	to fix a date (for something) [05cca4985c937f68d3d87837e4d9128c]	show set
labtik	"to flap (as of a spring, rubber, or the tongue) [0db48f02a302417354188516c6785002]"	show set
ma?-akkal	"to fool, trick, dupe, deceive (someone) [f9f75fce1463394dc8e63be342412914]"	show set
mag-lugus	"to force, compel (someone) [f472f337ec29731b48a205f16995b90b]"	show set
kubal-an	to form or develop calluses [ad4d43741c894e1ed4d9816ddcc97b53]	show set
ma-?ahuy	to gather firewood (esp. in the woods) [342aed4e7ad0cdac40e2cd726d0b873a]	show set
sanam-un	"to get ants (in something), attract ants (as sugar on a plate) [a94d97aed763cdd32f564346b703605a]"	show set
layu?	to get far away from (something) [78e46aa8e11eb62463e982f516e97b54]	show set
mag-paspas	to get rid of by brushing off; to brush off (something) [b11ba4414312fe1a21bc7e6012eeeee7]	show set
kikik	to giggle [b3c06d714e6988360342d8bd9b982395]	show set
k-ari-an	to give or hand something over to someone [7c97f099c9e7fdf47539fa2e0f16cb52]	
mag-a?kas	"to give someone a ride behind one, as on a horse, scooter, or bicycle [d1e70399af28ee4ad3722a3f4115aecb]"	show set
sa?sa?	to go against (a current of water or wind) [ac0dcf065ffb2f616b9d97dac2915915]	show set
mag-pu?pu?	to grasp or clutch things together [85635cf4f63b9945023b2a2092093cf2]	show set
mag-pukpuk	"to hammer, pound (something); strike something with something else [5eecee9a42b217aa583019772e5fd09e]"	show set
mag-sablay	to hang or drape something (as a garment) to dry; to wear a blouse [ae7da2b2b49feef68e7bb056a1987185]	show set
ka-bukug-an	to have a bone stuck in one�s throat [bacd409cf582f4066082d8f41c50a1f4]	show set
kayah-un	"to have energy, force, vigor, strength; have resources, available wealth, or means [44f924b38923e06f00d099f273691930]"	show set
mag-pa-gunti?	to have one�s hair cut [5df712a04065ac82b63db146e542b9a4]	show set
mag-gi-nhawa	to have or behave with dignity [00c798025addcc217c8b1d5137e4dcb0]	show set
mag-nana?	to have or develop pus [f8daf47c4f10ac1b613a5b8382a0725f]	show set
pasu?-un	to heat (something) [54edf93eaea4373bbef05b533495b6ee]	show set
tapuk	to hide or conceal (something) [823d45bd8b0a5aa335378e685bb40da8]	show set
mag-lukluk	to hide or lay (something) away [85d918bd226cf80a2f13a8515dfc33f3]	show set
pa-nagat	"to hunt for shellfish, edible plants or other edible animals along the shore at low tide [b9eac53cacd370a0230c6d040fa2ce1d]"	show set
ma-sipat	"to imagine; describe, express, explain [bca954c06858dbf8b573c1d1e38846c1]"	show set
mag-ka-tawa	to laugh [76e5ca44222a53da67e0d5f44000d7f6]	show set
mag-laun	"to let the marriageable age pass by, become too old to get married [f51d4f2237dff4d74b4dabca69fa6cf1]"	show set
mag-tambak	"to level (a low place), fill in (ground); pile stones (often over a grave) [e83b77d183aaa2bbdc180fa5a885025e]"	show set
mag-s??	to light or kindle [d4cc922a26518e3e388d69e9fd0b23a6]	show set
du?ug-un	to listen [c90c19e08bce1d31736668cabbcb3b52]	show set
du?ug	"to listen, hear, pay attention to or take heed (by listening) [6fb7e08f4600132b6c8bf1482016e310]"	show set
du?ug	"to listen, hear, pay attention to or take heed (by listening) [6fb7e08f4600132b6c8bf1482016e310]"	show set
ma-?il?	"to look at (something) in order to recognize it or see whose it is, to identify something; to claim something; to shy away from (someone, especially spoken of a baby) [2d97f5f7e7fff83795e7ef9fe79f1ad9]"	show set
mag-sukay	"to look for (and kill) lice in the hair, one by one [cbb36cbad59c493ea8f71219dd36cbf7]"	show set
mag-li?at-li?at	to look quickly here and there (as of someone astounded or on guard) [6fb48df5bdb02c231d0e678894122439]	show set
mag-ha?ad	to look up (as into a tree) [11927d848b1be7e986f412d0af651ed8]	show set
ma-lumus	"to lose consciousness due to water in the lungs or lack of air in the lungs (death does not always result), drown [b4a5fd34d31b2d4dd08aa0c1a524242e]"	show set
mag-luba?	"to make a depression, hole or pit in the ground [6466759e1df755d19d4aea8266046139]"	show set
mag-pugad	to make a hideout (as thieves) [f3d268316d10ff01ac01e171d518abb3]	show set
nipis-an	"to make (something) thinner, take away some thickness [6abfe2774665b1838ded603b491946b0]"	show set
puti?-un	to make something white [e52b36ea16ce327ab53f04808f122746]	show set
mag-tupu?	"to measure (a volume, as of grain, cooking oil, or kerosene) [9fe75e3391494fa84f7489ddb1d3fcd8]"	show set
mag-i?sud	"to move something a little, budge something [ceaeb8c208e15aec7cf2d090edce1321]"	show set
??n-an	to name something [848825173b62938c005810fc76c5ee3b]	show set
dila?	tongue [cc99541ff10660a5542cc6eec7b81ac4]	show set
okab	to open [e479b608df58922eaf538f29d0eadcdb]	show set
tugun	"to order (something to be brought by someone else), send word (to someone) [2e88f3b5d2061bf749c154391f410c4a]"	show set
ipun	tooth [28b26be59c986170c572133aaace31c2]	show set
puntuk	"top, apex, peak, summit (as of a mountain or building) [af62334857ee2ea2f52a4d2ccf608fe0]"	show set
bayad-an	"to pay (a debt of money, gratitude, etc.) [b9d05d79146a5146d6ce491519f4146e]"	show set
mag-pa?kat	"to place something heavy over something else; to pile, heap into a pile (as plates, books or pillows) [81f9e0d8228eda5846c34e3823b33b88]"	show set
katam-an	to plane (something) [64a9befa4d420d3eee7e8173c52ee623]	show set
tanum	to plant something [58274b6493b682d23d6837eb87864df0]	show set
tanum-an	to plant something [58274b6493b682d23d6837eb87864df0]	show set
mag-tanum	"to plant (something), as vegetables [845a7d11e7b8b6b802d3b0d868aba73d]"	show set
tanum	to plant (something); to bury (something) [f63e0505399fea171dced8f471fa6708]	show set
suli?	to play such an instrument [a5d3a62e6eeb4781c32b63cf09f9e993]	show set
tudlu?	to point at or point out (something with the finger) [ca962593ac1cd247560af499af15ccf7]	show set
mag-tua?	to pour a liquid from one container to another [0499686a635ff78f124d7f2ea6d81cbe]	show set
mag-putu	to prepare this confection [98b8d5412672c463f43d5ce262480c7a]	show set
tukun	to propel a small boat with a pole in shallow water [e8d6182cc24e3308ef4d16aa9aafd93f]	show set
tukun-an	to propel a small boat with a pole in shallow water [e8d6182cc24e3308ef4d16aa9aafd93f]	show set
mag-halhal	"to protrude, hang out (as the tongue from exhaustion, heat, thirst) [b397e1ee95c12222671b335c452ebb0d]"	show set
mag-ta?kay	to provide a handle [90939d7af6d790c03b0e2c5c0ec0992b]	show set
kapay-an	to provide a propeller (for a boat or ship) [0673055df0874fc4ed04774324c96bcc]	show set
mag-putput	"to puff, blow [5886100acaf0730ab309e79fffd286aa]"	show set
mag-si?al	"to put a wedge in (something), shim (something) [72202889fc70660e7d02d0c00043f536]"	show set
su?it	"to put food into one�s (or someone�s) mouth, either by hand or with a spoon; to feed someone [d836c1681f5b7ec798d9e12f27f10ff5]"	show set
mag-paspas	"to put forth a sudden burst of speed, exert physical effort [0f9ca0f41b56fee83f116df2ccfc1c3d]"	show set
pasa?-un	to put things together into sets or groups [58298b7091620bad132e443827125926]	show set
mag-kakak	to quack like a duck; to laugh boisterously [995050bf2cba31e66827b258f7990fea]	show set
mag-lumba?	"to race, compete in a contest of speed [05cc3a1bb5fc9ec81ef30c4e45ef97a6]"	show set
kindat	"to raise an eyebrow, wink at someone [b4cd0c47b2459c7a1d603eebbab60ffc]"	show set
ugbus-an	to remove the new shoots from a plant [3522bb91294ff09eb199a502c8d7bf32]	show set
p??-an	to remove unhusked rice or other particles (from cooking rice) [a8cc68bf86319d749fab0ea846a7c142]	show set
mag-du?gas	to repound rice in order to clean it more thoroughly [4735e746467721053d92c43c0a0fab04]	show set
ba?ka?-un	"to ride in a canoe, travel by canoe [d36eda849cbac687d93764fc2a35f25c]"	show set
duwa	to ride on the same conveyance with another person [1f4648b2be8b77b156cfbae6005fb924]	show set
mag-duwa	"to ride on the same conveyance with another person; in two, into two (parts) [00acdf70be401ccf312fcd9a56a0a5b3]"	show set
tastas	torn on the seam [0db634908418ca2178631b9d943f3a79]	show set
li?ga?	"to rock or sway (something), roll (something) back and forth, as a boat rocking in the water [664215afb82180e899c1dd0c67d28080]"	show set
pugus	to roll or knot the hair [2d52b08c458fa346c4bf9fbf99ffe8b8]	show set
gabuk	"to rot, crumble [d6c0049a9e1c2d4cb067d113ba665e5b]"	show set
gabuk-un	"to rot, crumble [d6c0049a9e1c2d4cb067d113ba665e5b]"	show set
gidgid	"to rub something vigorously against something else, rub something off [85f0340a06f1e2573b6f11e9cb91e63b]"	show set
mag-layag	to sail (to a place) [bc93b4f02822cd6fbf355a729a58436c]	show set
kamut	to scoop (something) with the hand [144c01874dd90b1ffe1563f3432b40aa]	show set
mag-kagud	"to scrape, remove something by scraping [f18ede716afa89b99b575d8246f0ebbf]"	show set
katul	to scratch (esp. with fingers) [632e918853cc9d9821f0c4aa70cbf50e]	show set
mag-katul	to scratch (esp. with fingers) [632e918853cc9d9821f0c4aa70cbf50e]	show set
lampasu	to scrub a floor with a coconut husk; to mop a floor [3b9c2cbdb6cd1705e35746b31a2fcd98]	show set
ka-mata-han	to see with the eyes [83c5442834296a4cecd71e3c24b7c4ef]	show set
mag-taun	"to set (a fish trap, as a basket trap); something (especially money) risked in a game of chance, bet [75912f8250845c3f4c76b6f874286c54]"	show set
dapug	"to set fire to, ignite (something) [ab60c638428519f6e68a30176ee986ac]"	show set
mag-dapug	"to set fire to, ignite (something) [ab60c638428519f6e68a30176ee986ac]"	show set
da?pug	to set fire to (speech of the interior) [85742effe3b6b78e73795f1c659f76a6]	show set
pugad-an	to settle in a nest [b991f7ca17eca8ff0e01d34685c81687]	show set
mag-dapit	to side with or favor someone [a521098a91a6b776777a2213f53f7b30]	show set
ma-lunud	"to sink, submerge, capsize [9958ed9657dfa21f6fa22fa11373ba57]"	show set
mag-liad	"to slant (something), bend (the body); (for an object) to lean, be slanting [587c5122fb3cb5207205ec1df065218c]"	show set
ma-t?g	to sleep [6e909e412ef637213a4a85f4ae4d2cf8]	show set
ka-bahu-an	to smell a bad smell [08c1dc1731e0bddda806ed6a1f411d90]	show set
mag-kigkig	to smooth or polish a rough surface (esp. wood) [8685176dfc0bbb393b561171d6d4cd3c]	show set
kutik	"to snap two fingers together, making a sound [d3406cb99e2fd25e91910dc31c7aeca5]"	show set
kawin	to solemnize a marriage [64ce0cbea741363d8ec1844bf6b72a5c]	show set
mag-kawin	to solemnize a marriage [64ce0cbea741363d8ec1844bf6b72a5c]	show set
ti?ug	to sound like (someone�s voice) [a1d65f4e1c0119646ae35376b7aa9569]	show set
lura?	to spit or eject saliva from the mouth [c6049938adf7dc4b2684f31434fc3ff5]	show set
mag-lura?	to spit or eject saliva from the mouth [c6049938adf7dc4b2684f31434fc3ff5]	show set
ma?-hi-lura?	to spit so as to show contempt or scorn [193be17342378638fe2594e655ea3fd6]	
tandak	to stamp one�s feet [215d952b84c8f5a9abca2fe1aafd392e]	show set
lakar-un	to step from one place to another [0cfbe3df676ccad5f20c1c747a4377f8]	show set
lakar-an	to step over something [63689177584b448ab82b32258ff7520d]	show set
lakad	to step to (a place with big steps) [8387c438dfb31051cdfeb25e2338fa2f]	show set
mag-lakad	to step to (a place with big steps) [8387c438dfb31051cdfeb25e2338fa2f]	show set
mag-dukut	to stick to and get burnt [aaf378a46c1330fb646506d9c9ea66a9]	show set
dukut	"to stick to and get burnt; (for ink, pencil lead) to adhere to a surface [eaf28b6cd9e36f1b1d5de6ad7a8bf400]"	show set
batu-hun	to stone something [dc39c022065282a0493949fc6303a056]	show set
mag-sikad	to stretch out the legs [728f012cd5878d4ff1a67416578d6dd9]	show set
sikar-an	to stretch out the legs (in reclining or relaxing) [ff83dbf5de04028740f936ec3d0e59ca]	show set
mag-tuhug	"to string (something, as fish or beads) [c0490e377af3a0f249c6779c5409f6a7]"	show set
sapa	"to swear (an oath), take an oath [e95f428ed7f9922480f4fcca1315b0cc]"	show set
la?uy-un	to swim out to something [a681901a15b43ac431863895723692dd]	show set
la?uy	to swim (to a destination) [ed537c98d5dc91e7b44aa2d789ae6892]	show set
mag-la?uy	to swim (to a destination) [ed537c98d5dc91e7b44aa2d789ae6892]	show set
ta?ta?	"to take off, remove (something from something else, as buttons or other detachable objects); take something apart [2e7d8073c48440c9be69487425518ad0]"	show set
suru?-un	to take or eat something with a spoon [28bb2f293fde3cb10e2db6b5e04e1f0b]	show set
mag-suki?	to take someone as a regular customer [c2c8c806a7c1082d702d1ddfab739152]	show set
mag-suysuy	"to tell, report a rumor, converse on general subjects; give an account of or story about (something) [998e333815edb1878304c9efc9a9c16c]"	show set
tanud	to thread (a needle or sewing machine) [bd9a27b6ccda2bd3f1b828ac6f3560ec]	show set
gapus-un	"to tie, bind (as a cow to be butchered; grasp (someone) and hold firmly, esp. one who resists [27d1ec9c182d723ca5e88573888e90ef]"	show set
mag-gapus	"to tie, bind (as a cow to be butchered; grasp (someone) and hold firmly, esp. one who resists [27d1ec9c182d723ca5e88573888e90ef]"	show set
mag-sunsun	to tighten the weaving (of nipa or coconut leaf shingles or woven material such as a mat or basket) [fe8bccae2e773a5b1afe20d0c0eb6089]	show set
mag-sa?lag	"to toast or roast (food in a pan, without oil or water) [bcf7316f5e16805bead04426658a966f]"	show set
mag-t?la?	to toss coins (for heads or tails) [a5b76dc8660f959c614184cc3bdc397d]	show set
kablit	"to touch (something) with a flicking motion of the finger, to strum (a guitar) [42b6bcdfee2f1452fb09e464afadf081]"	show set
liku?	to turn [4c47a0cd06bb28c10051a0b286c2fe89]	show set
mag-liku?	to turn [4c47a0cd06bb28c10051a0b286c2fe89]	show set
ma-muti?	to turn pale [f4315d5740456e46ea9a8c9468b86bfa]	show set
tabid	to twist or wring something; to wring the water out of something [fd191e96cbad4649b33b9deb7b1d4fac]	show set
puas-an	to untie something; (of a matter or problem) settled [584a7e34efb864afcd4952f72240be15]	show set
sabit-an	to use a hook (especially for fishing); a cloth money belt (usually used by older men along with loose-fitting cotton trousers) [b55524635bfa5efac75a301d90941af6]	show set
akkal-un	"to use one�s mind, wisdom, intellect (to do something) [bcae62129bc36846e2ce6ee860ded587]"	show set
kahuy-un	to use something as firewood [db16b98986e53ff1e215d945fe508b5a]	show set
mag-?aw?aw	"to utter such a sound, mumble, mutter, grumble [46bfda247c1ab891811181731ea44dfc]"	show set
suka	"to vomit, throw up [ada9e23895cadbaab0f174a689ed8b10]"	show set
tagad	to wait for something [aaf9b4316c272df708969285fda6379a]	show set
mag-pukaw	to wake up someone [84d177111ddfefb23cd98cdbc39ac4f1]	show set
mag-siki	"to walk, go by foot, hike; a foot (either the standard measurement or the length of a person�s foot) [c4b20bd84d3e7610a3c14833f6b7c297]"	show set
pakay	"to wear something (as clothes, jewelry, or a belt) [2247a6a015fdd738d052929ed29f48fa]"	show set
mag-timba?	to weigh something with a scale or balance [5cc7a6976e1da7e6305fee268da954d4]	show set
timba?	to weigh something with a scale or balance; consider something (in making a choice) [c5ce1a57a96699ee6fd423bc3d33a040]	show set
lanus	to wither [37e54af391b713a76734cde7bde1680b]	show set
kullus	"to wither; for a swelling or bump to subside; for a person or animal to lose weight; for a tire, balloon, etc. to lose air (and so get smaller) [b9d1aaf07857b45231515f2e45950de4]"	show set
luyluy	"to wither, wilt [c355cb243954f64e9794862a4a19d176]"	show set
anad	"trained, accustomed to [560d1644e4ad6e61b23aecabb4c97d23]"	show set
laak	"trochus, top shell [2a4a6c52797960ab786aeb6bf08fdf1d]"	show set
bata?	"trunk of a tree, log, stalk of a plant [1572d3508f4263107e119db840d85ab7]"	show set
dulaw	"turmeric, an East Indian herb of the ginger family: Curcuma longa [32549f79803c09a3ebd5dabff410591a]"	show set
libut	"twist, as a jar lid [5a144e77604d8c7559590bd6969a916e]"	show set
tabid	"twisted, not straight, out of shape [b23063b68e78ad82cf1574a2ecdf51dc]"	show set
duwa	two [b8a9f715dbb64fd5c56e7783c6820a61]	show set
bapa?	"Uncle, Dad, Sir (respectful term of address for an uncle, stepfather but not one�s own father, and any man appropriately a generation older than the speaker [157be5e6e4ad2fcd30d022cad803a6e1]"	show set
duwa-ruwa	"undecided, vacillating [11f8d9b956db5bac4b9ba34674989666]"	show set
hukas	undress [ccf0381ac6c0fdd2c29ac68688e37df8]	show set
hubad	"untie, unlash [3b427ca1a16007cf48ec8e2b0bf6f67a]"	show set
ugat	"vein, nerve, artery, tendon [6b2fc6879d49921200707775bc9317e4]"	show set
sakit babai	venereal disease [a092c7087d983a6b44bd49f4e25bf51e]	show set
b?gun	vine [a77b51765620b8b0c50236e9ea8907ab]	show set
pagas	voiceless (as from a cold); hoarse [5b9572364b49b3c55e9794258cc57f3b]	show set
suka	vomit (ejected matter from the stomach via the mouth) [1eaf33f3b361b37f88ca542e8bcd9659]	show set
na-pilay	was made lame [ffbdeafe717d1d830696f72d606dd0e5]	show set
busay	waterfall [911b1ca4b34d45a115afee01b1e4fbb9]	show set
tubig	"water, juice (of a fruit), (with ) tears [89753ae6cc4bec765519a01c4984fcab]"	show set
ma-tubig	"watery, (of fruit) juicy [5df099db10234bc21f8c2618a2023096]"	show set
d?n	"way, road, trail, street, path [9130bfa3c10cce71cf824c5d9ce054a2]"	show set
u-nuh	what? [4a2028eceac5e1f4d252ea13c71ecec6]	show set
ha?u-nuh	when? [df491a4de50739fa9cffdbd4e3f4b4bb]	show set
ma-puti?	white [d508fe45cecaf653904a0e774084bb5c]	show set
puti?	white [d508fe45cecaf653904a0e774084bb5c]	show set
latag	"widespread, prevalent [264852085fd56528d2ec7090b85f2e1f]"	show set
lanus	"wilted, withered (generally of leaves; also of coconuts, coffee and grains of corn) [f33bcbf926e111670aeaf5a31f402f58]"	show set
pikpik	wing (of bird or plane) [0d10b47515e38d9a03fae029464af4b6]	show set
kawat	"wire (as for conducting electric current, stringing musical instruments, barbed wire fence, snares) [ebf21e46238d5e4c2b1f3d872e7c010f]"	show set
ma-sakit	"(with ) bitter against, hateful (toward someone) [7a96906dc082df5648ac4a4caea85200]"	show set
kullus	withered [342a99154d999c47f1fc69d900097df9]	show set
luyluy	"withered, wilted (as of flowers or leaves) [1bab38ea3805bb542f60750f820f5568]"	show set
ta?	wonder (softens the tone of a question) [99feb30b1c8b5e84a018f5aefad382eb]	show set
kahuy	"wood, tree, lumber, timber [e5ad80c9c0baaea1a37e8a8f7ab6b8fb]"	show set
?d	"worm, grub, maggot [6ab6faf18f7a491a4cff920cd028c96c]"	show set
l?n	"wrap something by turning it over and over, to roll up [da5108758d15905ba53832625a1ef90f]"	show set
kusut	"wrinkled, not smooth, not pressed, not tidy (as of clothing and the like) [1e3c39478d827eeda9977af4a5e2947e]"	show set
ula?	yell [4f4e35d1cff402788fee027c112a9d90]	show set
kahapun	yesterday [eac9e8dd8575f4c7831f1f6a72607126]	show set
tuyu?	"zeal, ernestness [4d0acf1dc142f31d358d9a9d4b8d53bf]"	
